label,text,label_binary,predicted,confidence
ham,On the way to office da..,0,0,0.00046280847
ham,Pls give her prometazine syrup. 5mls then  &lt;#&gt; mins later feed.,0,0,0.00043308618
spam,Money i have won wining number 946 wot do i do next,1,0,0.00062146306
spam,"Dear Voucher Holder, 2 claim this weeks offer, at your PC go to http://www.e-tlp.co.uk/expressoffer Ts&Cs apply.2 stop texts txt STOP to 80062.",1,1,0.9989267
ham,Today iZ Yellow rose day. If u love my frndship give me 1 misscall &amp; send this to ur frndZ &amp; See how many miss calls u get. If u get 6missed U marry ur Lover.,0,0,0.00047193223
ham,I will come to ur home now,0,0,0.0004373344
ham,If anyone calls for a treadmill say you'll buy it. Make sure its working. I found an ad on Craigslist selling for $ &lt;#&gt; .,0,0,0.00053578056
ham,I am in escape theatre now. . Going to watch KAVALAN in a few minutes,0,0,0.00045741905
ham,Good morning pookie pie! Lol hope I didn't wake u up,0,0,0.00037629314
ham,"I sent you the prices and do you mean the  &lt;#&gt; g,",0,0,0.0004424873
ham,"Edison has rightly said, ""A fool can ask more questions than a wise man can answer"" Now you know why all of us are speechless during ViVa.. GM,GN,GE,GNT:-)",0,0,0.0010546242
ham,"ER, ENJOYIN INDIANS AT THE MO..yeP. SaLL gOoD HehE ;> hows bout u shexy? Pete Xx",0,0,0.00035143827
spam,* FREE* POLYPHONIC RINGTONE Text SUPER to 87131 to get your FREE POLY TONE of the week now! 16 SN PoBox202 NR31 7ZS subscription 450pw,1,1,0.99897385
ham,So when you gonna get rimac access ,0,0,0.0004664366
ham,Oh ok wait 4 me there... My lect havent finish,0,0,0.00032886598
ham,Who u talking about?,0,0,0.00047009322
ham,And how's your husband.,0,0,0.0004339325
ham,I dunno lei... Like dun haf...,0,0,0.00039821307
ham,"Time n Smile r the two crucial things in our life. Sometimes time makes us to forget smile, and sometimes someone's smile makes us to forget time gud noon",0,0,0.0005152657
ham,I am in a marriage function,0,0,0.00059650384
ham,Sounds like a plan! Cardiff is still here and still cold! I'm sitting on the radiator!,0,0,0.001810211
ham,"Brainless Baby Doll..:-D;-), vehicle sariyag drive madoke barolla..",0,0,0.0005452766
ham,I had it already..sabarish asked me to go..,0,0,0.0004485757
ham,"Aight I'll grab something to eat too, text me when you're back at mu",0,0,0.00043139848
ham,AH POOR BABY!HOPE URFEELING BETTERSN LUV! PROBTHAT OVERDOSE OF WORK HEY GO CAREFUL SPK 2 U SN LOTS OF LOVEJEN XXX.,0,0,0.0006538155
ham,Hi. Happy New Year. I dont mean to intrude but can you pls let me know how much tuition you paid last semester and how much this semester is. Thanks,0,0,0.0004036926
ham,Hey we can go jazz power yoga hip hop kb and yogasana ,0,0,0.0020587533
ham,U calling me right? Call my hand phone...,0,0,0.0003829636
ham,Do you know when dad will be back?,0,0,0.001133569
ham,She.s good. She was wondering if you wont say hi but she.s smiling now. So how are you coping with the long distance,0,0,0.0004503306
ham,Ha... Both of us doing e same thing. But i got tv 2 watch. U can thk of where 2 go tonight or u already haf smth in mind...,0,0,0.00034938578
ham,How is your schedule next week? I am out of town this weekend.,0,0,0.0007539328
ham,"Hey babe, how's it going ? Did you ever figure out where your going for New Years ?",0,0,0.0013070537
ham,Watching telugu movie..wat abt u?,0,0,0.00042388475
ham,"And how you will do that, princess? :)",0,0,0.00055062474
ham,I have no idea where you are,0,0,0.0005162725
ham,Hey happy birthday...,0,0,0.00047656128
spam,Dear Voucher Holder 2 claim your 1st class airport lounge passes when using Your holiday voucher call 08704439680. When booking quote 1st class x 2,1,1,0.9988463
ham,Is there any movie theatre i can go to and watch unlimited movies and just pay once?,0,0,0.0027737827
ham,"&lt;#&gt; , that's all? Guess that's easy enough",0,0,0.00039204178
ham,(That said can you text him one more time?),0,0,0.0004916815
ham,Oh... Kay... On sat right?,0,0,0.00040685752
ham,"Yo, call me when you get the chance, a friend of mine wanted me to ask you about a big order",0,0,0.00075246283
ham,Arun can u transfr me d amt,0,0,0.00041326194
ham,Waaaat?? Lololo ok next time then!,0,0,0.00041165142
spam,Our records indicate u maybe entitled to 5000 pounds in compensation for the Accident you had. To claim 4 free reply with CLAIM to this msg. 2 stop txt STOP,1,1,0.9988508
ham,"My life Means a lot to me, Not because I love my life, But because I love the people in my life, The world calls them friends, I call them my World:-).. Ge:-)..",0,0,0.0009271924
ham,"Science tells that chocolate will melt under the sunlight. Please don't walk under the sunlight. BCoz,I don't want to loss a sweet friend.",0,0,0.001044386
ham,Olol i printed out a forum post by a guy with the exact same  prob which was fixed with a gpu replacement. Hopefully they dont ignore that.,0,0,0.0005669857
ham,Does cinema plus drink appeal tomo? * Is a fr thriller by director i like on at mac at 8.30.,0,0,0.049085185
ham,Were gonna go get some tacos,0,0,0.00047285447
spam,FREE UNLIMITED HARDCORE PORN direct 2 your mobile Txt PORN to 69200 & get FREE access for 24 hrs then chrgd@50p per day txt Stop 2exit. This msg is free,1,1,0.99887747
ham,As usual u can call me ard 10 smth.,0,0,0.00035906766
ham,Thanks honey. Have a great day.,0,0,0.00048217614
ham,Dear how is chechi. Did you talk to her,0,0,0.00045563653
ham,Ok both our days. So what are you making for dinner tonite? Am I invited?,0,0,0.00054634205
ham,I'm on the bus. Love you,0,0,0.0004840624
ham,Or better still can you catch her and let ask her if she can sell  &lt;#&gt;  for me.,0,0,0.00042887926
ham,I like you peoples very much:) but am very shy pa.,0,0,0.00038823337
ham,Senthil group company Apnt 5pm.,0,1,0.7650233
ham,Dont pick up d call when something important is There to tell. Hrishi,0,0,0.00041894842
ham,Unless it's a situation where YOU GO GURL would be more appropriate,0,0,0.00054634205
ham,what are your new years plans?,0,0,0.0022040892
ham,"There're some people by mu, I'm at the table by lambda",0,0,0.0006202512
ham,"Maybe westshore or hyde park village, the place near my house?",0,0,0.001194878
ham,Oh great. I.ll disturb him more so that we can talk.,0,0,0.00036400868
ham,It shall be fine. I have avalarr now. Will hollalater,0,0,0.00038221668
ham,"Very hurting n meaningful lines ever: ""I compromised everything for my love, But at d end my love compromised me for everything:-("".. Gud mornin:-)",0,0,0.00047656128
spam,This is the 2nd time we have tried to contact u. U have won the £1450 prize to claim just call 09053750005 b4 310303. T&Cs/stop SMS 08718725756. 140ppm,1,1,0.9989637
ham,Ok. C u then.,0,0,0.00035350278
ham,I'm in chennai velachery:),0,0,0.0004140695
ham,How are you doing? Hope you've settled in for the new school year. Just wishin you a gr8 day,0,0,0.0006094501
ham,"Lemme know when I can swing by and pick up, I'm free basically any time after 1 all this semester",0,0,0.0005625758
ham,Yup i shd haf ard 10 pages if i add figures... Ü all got how many pages?,0,0,0.00036400868
spam,FREE entry into our £250 weekly comp just send the word ENTER to 84128 NOW. 18 T&C www.textcomp.com cust care 08712405020.,1,1,0.9989698
ham,I want to see your pretty pussy...,0,0,0.0004373344
ham,Then u going ikea str aft dat?,0,0,0.00038221668
ham,PLEASSSSSSSEEEEEE TEL ME V AVENT DONE SPORTSx,0,0,0.0004601059
spam,"Win the newest “Harry Potter and the Order of the Phoenix (Book 5) reply HARRY, answer 5 questions - chance to be the first among readers!",1,1,0.994146
ham,Happy birthday... May u find ur prince charming soon n dun work too hard...,0,0,0.00040844924
ham,"I guess that's why you re worried. You must know that there's a way the body repairs itself. And i'm quite sure you shouldn't worry. We'll take it slow. First the tests, they will guide when your ovulation is then just relax. Nothing you've said is a reason to worry but i.ll keep on followin you up.",0,0,0.0005072812
ham,26th OF JULY,0,0,0.0013380081
ham,HEY GIRL. HOW R U? HOPE U R WELL ME AN DEL R BAK! AGAIN LONG TIME NO C! GIVE ME A CALL SUM TIME FROM LUCYxx,0,0,0.00046190582
ham,In fact when do you leave? I think addie goes back to school tues or wed,0,0,0.00041165142
ham,Hi darlin did youPhone me? Im atHome if youwanna chat.,0,0,0.00037629314
ham,No need to say anything to me. I know i am an outsider,0,0,0.0006011795
ham,Hello! How r u? Im bored. Inever thought id get bored with the tv but I am. Tell me something exciting has happened there? Anything! =/,0,0,0.0005953407
ham,Dear got train and seat mine lower seat,0,0,0.0005517006
ham,You intrepid duo you! Have a great time and see you both soon. ,0,0,0.00077936606
ham,Where did u go? My phone is gonna die you have to stay in here,0,0,0.0003935756
spam,Burger King - Wanna play footy at a top stadium? Get 2 Burger King before 1st Sept and go Large or Super with Coca-Cola and walk out a winner,1,0,0.4162033
ham,PICK UR FONE UP NOW U DUMB?,0,0,0.00038521324
ham,"Cool, what time you think you can get here?",0,0,0.0007613259
ham,"Madam,regret disturbance.might receive a reference check from DLF Premarica.kindly be informed.Rgds,Rakhesh,Kerala.",0,0,0.0007264875
ham,Yeah we do totes. When u wanna?,0,0,0.000366147
ham,You're not sure that I'm not trying to make xavier smoke because I don't want to smoke after being told I smoke too much?,0,0,0.0024774452
ham,Yup... Hey then one day on fri we can ask miwa and jiayin take leave go karaoke ,0,0,0.00044508645
ham,"Uh, heads up we don't have THAT much left",0,0,0.00039588756
ham,Never try alone to take the weight of a tear that comes out of ur heart and falls through ur eyes... Always remember a STUPID FRIEND is here to share... BSLVYL,0,0,0.00053578056
ham,Ok good then i later come find ü... C lucky i told ü to go earlier... Later pple take finish ü no more again...,0,0,0.00038371203
ham,i dnt wnt to tlk wid u,0,0,0.00041165142
ham,How much it will cost approx . Per month.,0,0,0.0016581542
ham,"Uncle G, just checking up on you. Do have a rewarding month",0,0,0.000532652
spam,"New Tones This week include: 1)McFly-All Ab.., 2) Sara Jorge-Shock.. 3) Will Smith-Switch.. To order follow instructions on next message",1,0,0.2431928
ham,Am surfing online store. For offers do you want to buy any thing.,0,0,0.0015517841
ham,There generally isn't one. It's an uncountable noun - u in the dictionary. pieces of research?,0,0,0.0017477858
ham,Ok i vl..do u know i got adsense approved..,0,0,0.0003433
ham,Have you finished work yet? :),0,0,0.000559291
ham,Your pussy is perfect!,0,0,0.0017240938
ham,Or i go home first lar ü wait 4 me lor.. I put down my stuff first..,0,0,0.00034734528
ham,Get ready to put on your excellent sub face :),0,0,0.00066410477
ham,How's it going? Got any exciting karaoke type activities planned? I'm debating whether to play football this eve. Feeling lazy though.,0,0,0.0012279605
ham,S but not able to sleep.,0,0,0.00039821307
ham,Nothing just getting msgs by dis name wit different no's..,0,0,0.00039821307
ham,The evo. I just had to download flash. Jealous?,0,0,0.0005243984
ham,He is there. You call and meet him,0,0,0.00057031563
spam,Someone has contacted our dating service and entered your phone because they fancy you! To find out who it is call from a landline 09111032124 . PoBox12n146tf150p,1,1,0.9989818
ham,Also track down any lighters you can find,0,0,0.00095659646
ham,"Ok., is any problem to u frm him? Wats matter?",0,0,0.00037046144
ham,", im .. On the snowboarding trip. I was wondering if your planning to get everyone together befor we go..a meet and greet kind of affair? Cheers, ",0,0,0.0004076526
ham,"Its good, we'll find a way",0,0,0.00042804275
ham,Thats cool. How was your day?,0,0,0.00043648144
ham,What happened in interview?,0,0,0.002387409
ham,So when do you wanna gym?,0,0,0.0005838325
spam,I don't know u and u don't know me. Send CHAT to 86688 now and let's find each other! Only 150p/Msg rcvd. HG/Suite342/2Lands/Row/W1J6HL LDN. 18 years or over.,1,1,0.998884
ham,"And very importantly, all we discuss is between u and i only.",0,0,0.0004424873
ham,You said to me before i went back to bed that you can't sleep for anything.,0,0,0.00084924564
ham,"&lt;#&gt;  is fast approaching. So, Wish u a very Happy New Year Happy Sankranti Happy republic day Happy Valentines Day Happy Shivratri Happy Ugadi Happy Fools day Happy May Day Happy Independence Day, Happy Friendship,Mother,Father,Teachers,Childrens Day, &amp; HAPPY BIRTHDAY 4 U. Happy Ganesh festival Happy Dasara Happy Diwali Happy Christmas  &lt;#&gt;  Good Mornings Afternoons, Evenings Nights. RememberI AM the first to WISHING U ALL THESE...your's Raj",0,0,0.00069867563
spam,"Had your contract mobile 11 Mnths? Latest Motorola, Nokia etc. all FREE! Double Mins & Text on Orange tariffs. TEXT YES for callback, no to remove from records.",1,1,0.99881905
spam,U have a Secret Admirer who is looking 2 make contact with U-find out who they R*reveal who thinks UR so special-call on 09065171142-stopsms-08,1,1,0.9988708
ham,Do u noe wat time e place dat sells 4d closes?,0,0,0.0004416243
ham,Aiyah e rain like quite big leh. If drizzling i can at least run home.,0,0,0.00036329866
spam,"Dear Voucher Holder, To claim this weeks offer, at you PC please go to http://www.e-tlp.co.uk/expressoffer Ts&Cs apply. To stop texts, txt STOP to 80062",1,1,0.998912
ham,Nobody can decide where to eat and dad wants Chinese,0,0,0.0016974094
spam,"Oh my god! I've found your number again! I'm so glad, text me back xafter this msgs cst std ntwk chg £1.50",1,1,0.9988028
ham,Want to send me a virtual hug?... I need one,0,0,0.00046552691
ham,Die... I accidentally deleted e msg i suppose 2 put in e sim archive. Haiz... I so sad...,0,0,0.00040844924
ham,"chile, please! It's only a  &lt;DECIMAL&gt;  hour drive for me. I come down all the time and will be subletting feb-april for audition season.",0,0,0.00065254065
ham,IM REALY SOZ IMAT MY MUMS 2NITE WHAT ABOUT 2MORO ,0,0,0.00038975227
ham,U wake up already? Thanx 4 e tau sar piah it's quite nice.,0,0,0.00036472004
ham,Yup song bro. No creative. Neva test quality. He said check review online.,0,0,0.0026939143
ham,What Today-sunday..sunday is holiday..so no work..,0,0,0.0005203196
ham,Any chance you might have had with me evaporated as soon as you violated my privacy by stealing my phone number from your employer's paperwork. Not cool at all. Please do not contact me again or I will report you to your supervisor.,0,0,0.0019532058
ham,Can a not?,0,0,0.00053892744
ham,Thats cool! I am a gentleman and will treat you with dignity and respect.,0,0,0.00055062474
ham,"Sorry, I'll call you  later. I am in meeting sir.",0,0,0.00047936052
ham,Wat makes u thk i'll fall down. But actually i thk i'm quite prone 2 falls. Lucky my dad at home i ask him come n fetch me already.,0,0,0.00034397095
ham,Sos! Any amount i can get pls.,0,0,0.00036973885
ham,Now thats going to ruin your thesis!,0,0,0.00065765524
ham,Tell my  bad character which u Dnt lik in me. I'll try to change in  &lt;#&gt; . I ll add tat 2 my new year resolution. Waiting for ur reply.Be frank...good morning.,0,0,0.00035627434
ham,cool. We will have fun practicing making babies!,0,0,0.00077784655
ham,"It's fine, imma get a drink or somethin. Want me to come find you?",0,0,0.00039666123
ham,Really do hope the work doesnt get stressful. Have a gr8 day.,0,0,0.00046190582
ham,Neva mind it's ok..,0,0,0.00040055232
ham,Hey are you angry with me. Reply me dr.,0,0,0.0005792917
ham,Is that on the telly? No its Brdget Jones!,0,0,0.0004945695
spam,WINNER!! As a valued network customer you have been selected to receivea £900 prize reward! To claim call 09061701461. Claim code KL341. Valid 12 hours only.,1,1,0.9989759
ham,Then its most likely called Mittelschmertz. Google it. If you dont have paracetamol dont worry it will go.,0,0,0.0004339325
ham,Orh i tot u say she now still dun believe.,0,0,0.00036400868
ham,I am thinking of going down to reg for pract lessons.. Flung my advance.. Haha wat time u going?,0,0,0.00034599163
ham,"Yo my trip got postponed, you still stocked up?",0,0,0.0004272079
ham,Morning only i can ok.,0,0,0.00039899134
ham,"Dear, take care. I am just reaching home.love u a lot.",0,0,0.00036543285
ham,Sorry about that this is my mates phone and i didnt write it love Kate,0,0,0.00045741905
ham,"Can you tell Shola to please go to college of medicine and visit the academic department, tell the academic secretary what the current situation is and ask if she can transfer there. She should ask someone to check Sagamu for the same thing and lautech. Its vital she completes her medical education in Nigeria. Its less expensive much less expensive. Unless she will be getting citizen rates in new zealand.",0,0,0.0014522278
ham,Love has one law; Make happy the person you love. In the same way friendship has one law; Never make ur friend feel alone until you are alive.... Gud night,0,0,0.000559291
ham,Haha mayb u're rite... U know me well. Da feeling of being liked by someone is gd lor. U faster go find one then all gals in our group attached liao.,0,0,0.00033732018
ham,I've reached already.,0,0,0.00040055232
ham,"That's fine, have him give me a call if he knows what he wants or has any questions",0,0,0.0005368274
ham,How i noe... She's in da car now... Later then c lar... I'm wearing shorts...,0,0,0.00037702857
ham,"It'll be tough, but I'll do what I have to",0,0,0.00046461902
ham,Ü bot notes oredi... Cos i juz rem i got...,0,0,0.00035697062
ham,Don't forget who owns you and who's private property you are ... And be my good boy always .. *passionate kiss*,0,0,0.0005172813
ham,Thought praps you meant another one. Goodo! I'll look tomorrow ,0,0,0.00036757955
ham,Lovely smell on this bus and it ain't tobacco... ,0,0,0.00047101182
ham,i felt so...not any conveying reason.. Ese he... What about me?,0,0,0.0003912771
ham,I'm on da bus going home...,0,0,0.0003829636
ham,"Yeah why not, is the gang all ready",0,0,0.0005603838
spam,Bloomberg -Message center +447797706009 Why wait? Apply for your future http://careers. bloomberg.com,1,1,0.9986878
ham,This is wishing you a great day. Moji told me about your offer and as always i was speechless. You offer so easily to go to great lengths on my behalf and its stunning. My exam is next friday. After that i will keep in touch more. Sorry.,0,0,0.000771798
ham,"Gal n boy walking in d park. gal-can i hold ur hand? boy-y? do u think i would run away? gal-no, jst wana c how it feels walking in heaven with an prince..GN:-)",0,0,0.00038221668
spam,Congratulations ur awarded either £500 of CD gift vouchers & Free entry 2 our £100 weekly draw txt MUSIC to 87066 TnCs www.Ldew.com1win150ppmx3age16,1,1,0.9989837
ham,"Fuuuuck I need to stop sleepin, sup",0,0,0.0003859661
ham,When did you get to the library,0,0,0.0009792591
ham,Hey you gave them your photo when you registered for driving ah? Tmr wanna meet at yck? ,0,0,0.00052747846
ham,"Ya tel, wats ur problem..",0,0,0.00037118545
ham,"whatever, im pretty pissed off.",0,0,0.00040844924
ham,Nvm it's ok...,0,0,0.0003935756
spam,"Latest Nokia Mobile or iPOD MP3 Player +£400 proze GUARANTEED! Reply with: WIN to 83355 now! Norcorp Ltd.£1,50/Mtmsgrcvd18+",1,1,0.99898964
ham,An excellent thought by a misundrstud frnd: I knw u hate me bt the day wen u'll knw the truth u'll hate urself:-( Gn:-),0,0,0.00047101182
ham,I'm meeting Darren...,0,0,0.0004181313
ham,What u mean u almost done? Done wif sleeping? But i tot u going to take a nap.. Yup i send her liao so i'm picking her up at ard 4 smth lor..,0,0,0.00033732018
ham,Happy New Year Princess!,0,0,0.003787458
spam,1st wk FREE! Gr8 tones str8 2 u each wk. Txt NOKIA ON to 8007 for Classic Nokia tones or HIT ON to 8007 for Polys. Nokia/150p Poly/200p 16+,1,1,0.998862
ham,Is she replying. Has boye changed his phone number,0,0,0.00043139848
ham,Ok lor but not too early. Me still having project meeting now.,0,0,0.00033863995
ham,"Ditto. And you won't have to worry about me saying ANYTHING to you anymore. Like i said last night, you do whatever you want and i'll do the same. Peace.",0,0,0.00052954187
ham,My friends use to call the same.,0,0,0.0009146137
ham,ok....take care.umma to you too...,0,0,0.00042471313
ham,I calls you later. Afternoon onwords mtnl service get problem in south mumbai. I can hear you but you cann't listen me.,0,0,0.0015099907
ham,"I do know what u mean,  is the king of not havin credit! I'm goin2bed now. Night night sweet! Only1more sleep! ",0,0,0.00041894842
ham,Prof: you have passed in all the papers in this sem congrats . . . . Student: Enna kalaachutaarama..!! Prof:???? Gud mrng!,0,0,0.0006628098
ham,Oic... I saw him too but i tot he din c me... I found a group liao...,0,0,0.00038371203
ham,If you have belive me. Come to my home.,0,0,0.0004272079
ham,Eh sorry leh... I din c ur msg. Not sad already lar. Me watching tv now. U still in office?,0,0,0.00033863995
ham,Guess he wants alone time. We could just show up and watch when they do..,0,0,0.0004416243
ham,Stupid.its not possible,0,0,0.00038899214
ham,Yes. Nigh you cant aha.,0,0,0.00034938578
ham,K:)eng rocking in ashes:),0,0,0.00048029723
ham,"Give her something to drink, if she takes it and doesn't vomit then you her temp might drop. If she unmits however let me know.",0,0,0.00061064085
ham,Not thought bout it... || Drink in tap & spile at seven. || Is that pub on gas st off broad st by canal. || Ok?,0,0,0.0006386796
ham,Hi neva worry bout da truth coz the truth will lead me 2 ur heart. Its the least a unique person like u deserve. Sleep tight or morning,0,0,0.00044421837
spam,EASTENDERS TV Quiz. What FLOWER does DOT compare herself to? D= VIOLET E= TULIP F= LILY txt D E or F to 84025 NOW 4 chance 2 WIN £100 Cash WKENT/150P16+,1,1,0.99894744
ham,Don't make life too stressfull.. Always find time to Laugh.. It may not add years to your Life! But surely adds more life to ur years!! Gud ni8..swt dreams..,0,0,0.000493605
ham,Have you had a good day? Mine was really busy are you up to much tomorrow night?,0,0,0.0016135006
ham,O was not into fps then.,0,0,0.00037191084
ham,Hey!!! I almost forgot ... Happy B-day babe ! I love ya!!,0,0,0.0006154273
ham,Nope... Think i will go for it on monday... Sorry i replied so late,0,0,0.00039666123
ham,"Oh yes, why is it like torture watching england?",0,0,0.0007082866
ham,Nothing spl..wat abt u and whr ru?,0,0,0.00037263767
ham,Den wat will e schedule b lk on sun?,0,0,0.00042140935
spam,The current leading bid is 151. To pause this auction send OUT. Customer Care: 08718726270,1,1,0.99883956
ham,Staff of placement training in Amrita college.,0,0,0.0030994155
ham,"Guy, no flash me now. If you go call me, call me. How madam. Take care oh.",0,0,0.00038975227
ham,Mm feeling sleepy. today itself i shall get that dear,0,0,0.00035906766
ham,Where @,0,0,0.00052850915
ham,TaKe CaRE n gET WeLL sOOn,0,0,0.0004888105
ham,How are you with moneY...as in to you...money aint a thing....how are you sha!,0,0,0.0005112579
spam,"You have been specially selected to receive a ""3000 award! Call 08712402050 BEFORE the lines close. Cost 10ppm. 16+. T&Cs apply. AG Promo",1,1,0.99897975
ham,I keep ten rs in my shelf:) buy two egg.,0,0,0.00040924747
ham,Eh u remember how 2 spell his name... Yes i did. He v naughty make until i v wet.,0,0,0.00034062934
ham,"What are you doing in langport? Sorry, but I'll probably be in bed by 9pm. It sucks being ill at xmas! When do you and go2sri lanka? ",0,0,0.0013019645
ham,Depends on individual lor e hair dresser say pretty but my parents say look gong. U kaypoh.. I also dunno wat she collecting.,0,0,0.0003399649
ham,"K I'm ready,  &lt;#&gt; ?",0,0,0.00039434477
ham,Sorry da. I gone mad so many pending works what to do.,0,0,0.00034599163
ham,Oops I was in the shower when u called. Hey a parking garage collapsed at university hospital. See I'm not crazy. Stuff like that DOES happen.,0,0,0.0003935756
ham,Nite...,0,0,0.0004664366
ham,Eat at old airport road... But now 630 oredi... Got a lot of pple...,0,0,0.00044421837
ham,Okie... Thanx...,0,0,0.00040133507
ham,yay! finally lol. i missed our cinema trip last week :-(,0,0,0.00041731578
ham,If you were/are free i can give. Otherwise nalla adi entey nattil kittum,0,0,0.00044682765
ham,Yes see ya not on the dot,0,0,0.000423058
ham,"Are you being good, baby? :)",0,0,0.0005452766
ham,Guess which pub im in? Im as happy as a pig in clover or whatever the saying is! ,0,0,0.00065765524
ham,Wife.how she knew the time of murder exactly,0,0,0.00073504477
ham,"Sorry,  in meeting I'll call you later",0,0,0.0004664366
ham,"Hey doc pls I want to get nice t shirt for my hubby nice fiting ones my budget is  &lt;#&gt; k help pls I will load d card abi hw,keep me posted luv. 2 mj",0,0,0.0004416243
spam,"You are being contacted by our dating service by someone you know! To find out who it is, call from a land line 09050000928. PoBox45W2TG150P",1,1,0.9989718
ham,No it will reach by 9 only. She telling she will be there. I dont know,0,0,0.00036757955
ham,Lmao ok I wont be needing u to do my hair anymore.,0,0,0.00034531672
ham,"Ok thats cool. Its , just off either raglan rd or edward rd. Behind the cricket ground. Gimme ring when ur closeby see you tuesday.",0,0,0.00037850367
ham,Hi missed your Call and my mumHas beendropping red wine all over theplace! what is your adress?,0,0,0.0008710656
ham,Carlos is taking his sweet time as usual so let me know when you and patty are done/want to smoke and I'll tell him to haul ass,0,0,0.0006178345
ham,Wow didn't think it was that common. I take it all back ur not a freak! Unless u chop it off:-),0,0,0.0003799845
ham,Yeah I imagine he would be really gentle. Unlike the other docs who treat their patients like turkeys.,0,0,0.0008103873
ham,Nt yet chikku..simple habba..hw abt u?,0,0,0.00039280797
ham,That seems unnecessarily affectionate,0,0,0.0008151457
ham,Please tell me you have some of that special stock you were talking about,0,0,0.0008263576
ham,K.k..how is your sister kids?,0,0,0.0007096704
ham,She's good. How are you. Where r u working now,0,0,0.00035488585
spam,YOU HAVE WON! As a valued Vodafone customer our computer has picked YOU to win a £150 prize. To collect is easy. Just call 09061743386,1,1,0.99897385
ham,I hope you arnt pissed off but id would really like to see you tomorrow. Love me xxxxxxxxxxxxxX,0,0,0.0006706176
ham,Yo come over carlos will be here soon,0,0,0.000543152
ham,Jus finished avatar nigro,0,0,0.0005122569
ham,"How about clothes, jewelry, and trips?",0,0,0.002157342
spam,Moby Pub Quiz.Win a £100 High Street prize if u know who the new Duchess of Cornwall will be? Txt her first name to 82277.unsub STOP £1.50 008704050406 SP Arrow,1,1,0.99893504
ham,Pls tell nelson that the bb's are no longer comin. The money i was expecting aint coming,0,0,0.00037702857
ham,It should take about  &lt;#&gt;  min,0,0,0.000461005
ham,Sorry completely forgot * will pop em round this week if your still here?,0,0,0.000506292
ham,But am going to college pa. What to do. are else ill come there it self. Pa.,0,0,0.00035557942
ham,Whens your radio show?,0,0,0.00055602525
spam,"Thanks for your Ringtone Order, Reference T91. You will be charged GBP 4 per week. You can unsubscribe at anytime by calling customer services on 09057039994",1,1,0.99896777
ham,I called and said all to him:)then he have to choose this future.,0,0,0.0005347357
ham,For my family happiness..,0,0,0.00047563188
ham,"Aight I've been set free, think you could text me blake's address? It occurs to me I'm not quite as sure what I'm doing as I thought I was",0,0,0.0006411777
ham,Oh wow thats gay. Will firmware update help,0,0,0.0005582003
ham,"Im in inperialmusic listening2the weirdest track ever byleafcutter john-sounds like insects being molested&someone plumbing,remixed by evil men on acid!",0,0,0.34458128
spam,Your credits have been topped up for http://www.bubbletext.com Your renewal Pin is tgxxrz,1,1,0.99724776
ham,ALRITE,0,0,0.0012065897
ham,"Set a place for me in your heart and not in your mind, as the mind easily forgets but the heart will always remember. Wish you Happy Valentines Day!",0,0,0.002195515
ham,Ü v ma fan...,0,0,0.00038521324
ham,No got new job at bar in airport on satsgettin 4.47per hour but means no lie in! keep in touch,0,0,0.0007978335
ham,Hey do you want anything to buy:),0,0,0.0005072812
ham,Lol! U drunkard! Just doing my hair at d moment. Yeah still up 4 tonight. Wats the plan? ,0,0,0.00037850367
ham,R u in this continent?,0,0,0.00043308618
ham,Mm you ask him to come its enough :-),0,0,0.00038072708
spam,Send a logo 2 ur lover - 2 names joined by a heart. Txt LOVE NAME1 NAME2 MOBNO eg LOVE ADAM EVE 07123456789 to 87077 Yahoo! POBox36504W45WQ TxtNO 4 no ads 150p,1,1,0.9990073
ham,Neshanth..tel me who r u?,0,0,0.00035557942
ham,He neva grumble but i sad lor... Hee... Buy tmr lor aft lunch. But we still meetin 4 lunch tmr a not. Neva hear fr them lei. Ü got a lot of work ar?,0,0,0.00034129503
spam,"Congrats! 2 mobile 3G Videophones R yours. call 09063458130 now! videochat wid your mates, play java games, Dload polyPH music, noline rentl.",1,1,0.99900144
ham,Sounds great! Im going to sleep now. Have a good night!,0,0,0.000423058
ham,"Yup, no need. I'll jus wait 4 e rain 2 stop.",0,0,0.00034938578
ham,MMM ... Fuck .... Merry Christmas to me,0,0,0.00044335198
ham,What he said is not the matter. My mind saying some other matter is there.,0,0,0.000796278
ham,Can you use foreign stamps for whatever you send them off for? ,0,0,0.00402291
ham,* Will be september by then!,0,0,0.00057254656
ham,Hai ana tomarrow am coming on morning.  &lt;DECIMAL&gt;  ill be there in sathy then we ll go to RTO office. Reply me after came to home.,0,0,0.0003733659
spam,You can donate £2.50 to UNICEF's Asian Tsunami disaster support fund by texting DONATE to 864233. £2.50 will be added to your next bill,1,1,0.9986929
ham,CHEERS LOU! YEAH WAS A GOODNITE SHAME U NEVA CAME! C YA GAILxx,0,0,0.00044508645
spam,Great NEW Offer - DOUBLE Mins & DOUBLE Txt on best Orange tariffs AND get latest camera phones 4 FREE! Call MobileUpd8 free on 08000839402 NOW! or 2stoptxt T&Cs,1,1,0.9989818
ham,I'm e person who's doing e sms survey...,0,0,0.00056588
ham,Yes..gauti and sehwag out of odi series.,0,0,0.00052747846
ham,I'm working technical support :)voice process.networking field.,0,0,0.00081355654
ham,Pls speak with me. I wont ask anything other then you friendship.,0,0,0.000390514
ham,"Haha just kidding, papa needs drugs",0,0,0.0004459562
ham,Well you told others you'd marry them...,0,0,0.00047656128
ham,The Xmas story is peace.. The Xmas msg is love.. The Xmas miracle is jesus.. Hav a blessed month ahead &amp; wish U Merry Xmas...,0,0,0.0006190416
ham,Thank You meet you monday,0,0,0.0012545943
ham,"Received, understood n acted upon!",0,0,0.00045209235
ham,Now i'm going for lunch.,0,0,0.0005102608
ham,I want to tel u one thing u should not mistake me k THIS IS THE MESSAGE THAT YOU SENT:),0,0,0.00038147118
ham,Is that what time you want me to come?,0,0,0.0011269539
ham,Oh... Lk tt den we take e one tt ends at cine lor... Dun wan yogasana oso can... ,0,0,0.00042140935
ham,How i noe... Did ü specify da domain as nusstu... Ü still in sch...,0,0,0.00037702857
ham,K. Did you call me just now ah? ,0,0,0.00040924747
ham,HI ITS KATE CAN U GIVE ME A RING ASAP XXX,0,0,0.00047470425
ham,Fyi I'm gonna call you sporadically starting at like  &lt;#&gt;  bc we are not not doin this shit,0,0,0.00040844924
ham,Just re read it and I have no shame but tell me how he takes it and if he runs I will blame u 4 ever!! Not really 4 ever just a long time ,0,0,0.0006706176
spam,Sexy Singles are waiting for you! Text your AGE followed by your GENDER as wither M or F E.G.23F. For gay men text your AGE followed by a G. e.g.23G.,1,1,0.99469805
ham,"Thanks again for your reply today. When is ur visa coming in. And r u still buying the gucci and bags. My sister things are not easy, uncle john also has his own bills so i really need to think about how to make my own money. Later sha.",0,0,0.00045121062
ham,Enjoy ur life. . Good night,0,0,0.00044076296
ham,Haha i think i did too,0,0,0.00040844924
ham,I hope you know I'm still mad at you.,0,0,0.0005442133
ham,"Its Ur luck to Love someone. Its Ur fortune to Love the one who Loves U. But, its a miracle to Love a person who can't Love anyone except U... Gud nyt...",0,0,0.00048595612
ham,Let's pool our money together and buy a bunch of lotto tickets. If we win I get &lt;#&gt; % u get &lt;#&gt; %. Deal?,0,0,0.00057031563
spam,"Free msg. Sorry, a service you ordered from 81303 could not be delivered as you do not have sufficient credit. Please top up to receive the service.",1,1,0.9987864
ham,Just sent it. So what type of food do you like?,0,0,0.0005527786
ham,"Nah I don't think he goes to usf, he lives around here though",0,0,0.00039666123
ham,I've got it down to a tea. not sure which flavour,0,0,0.0004926423
ham,I am late. I will be there at,0,0,0.00041084853
ham,"SYMPTOMS when U are in love: ""1.U like listening songs 2.U get stopped where u see the name of your beloved 3.U won't get angry when your",0,0,0.0026626128
ham,Do u knw dis no. &lt;#&gt; ?,0,0,0.00043990326
ham,Except theres a chick with huge boobs.,0,0,0.00047285447
ham,Many more happy returns of the day. I wish you happy birthday.,0,0,0.000854232
ham,When are you guys leaving?,0,0,0.0010546242
ham,Try neva mate!!,0,0,0.0007657964
ham,I know that my friend already told that.,0,0,0.0005254231
ham,Bull. Your plan was to go floating off to IKEA with me without a care in the world. So i have to live with your mess another day.,0,0,0.00086767256
spam,SMS AUCTION - A BRAND NEW Nokia 7250 is up 4 auction today! Auction is FREE 2 join & take part! Txt NOKIA to 86021 now! HG/Suite342/2Lands Row/W1J6HL,1,1,0.9989857
ham,Sorry . I will be able to get to you. See you in the morning.,0,0,0.00046826137
ham,haha but no money leh... Later got to go for tuition... Haha and looking for empty slots for driving lessons,0,0,0.0004503306
spam,"Urgent -call 09066649731from Landline. Your complimentary 4* Ibiza Holiday or £10,000 cash await collection SAE T&Cs PO BOX 434 SK3 8WP 150ppm 18+",1,1,0.99898964
ham,"Mon okie lor... Haha, best is cheap n gd food la, ex oso okie... Depends on whether wana eat western or chinese food... Den which u prefer... ",0,0,0.00045121062
ham,I will be outside office take all from there,0,0,0.00047749258
spam,Fancy a shag? I do.Interested? sextextuk.com txt XXUK SUZY to 69876. Txts cost 1.50 per msg. TnCs on website. X,1,1,0.998844
ham,I tot u outside cos darren say u come shopping. Of course we nice wat. We jus went sim lim look at mp3 player.,0,0,0.00040055232
ham,Ya even those cookies have jelly on them,0,0,0.0005647765
ham,"Sometimes we put walls around our hearts,not just to be safe from getting hurt.. But to find out who cares enough to break the walls &amp; get closer.. GOODNOON:)",0,0,0.0005243984
ham,It is only yesterday true true.,0,0,0.00068250194
ham,Oh gei. That happend to me in tron. Maybe ill dl it in 3d when its out,0,0,0.00034263037
ham,"Sorry chikku, my cell got some problem thts y i was nt able to reply u or msg u..",0,0,0.00036472004
ham,I want  &lt;#&gt;  rs da:)do you have it?,0,0,0.00040133507
ham,Hey! do u fancy meetin me at 4 at cha  hav a lil beverage on me. if not txt or ring me and we can meet up l8r. quite tired got in at 3 v.pist ;) love Pete x x x,0,0,0.000522355
ham,May i call You later Pls,0,0,0.0004076526
ham,Hope you are having a good week. Just checking in,0,0,0.0005636751
ham,Wot u up 2? Thout u were gonna call me!! Txt bak luv K,0,0,0.00044335198
ham,Thanx 4 sending me home...,0,0,0.00038521324
ham,"Not sure yet, still trying to get a hold of him",0,0,0.00063247676
ham,Are you wet right now?,0,0,0.0007509956
ham,What you need. You have a person to give na.,0,0,0.00061422714
ham,"Honeybee Said: *I'm d Sweetest in d World* God Laughed &amp; Said: *Wait,U Havnt Met d Person Reading This Msg* MORAL: Even GOD Can Crack Jokes! GM+GN+GE+GN:)",0,0,0.0007379196
ham,No he didn't. Spring is coming early yay!,0,0,0.0003733659
spam,You are a winner you have been specially selected to receive £1000 cash or a £2000 award. Speak to a live operator to claim call 087147123779am-7pm. Cost 10p,1,1,0.9989287
ham,"Cool, want me to go to kappa or should I meet you outside mu",0,0,0.00053578056
ham,Nice.nice.how is it working?,0,0,0.00047936052
spam,Wanna get laid 2nite? Want real Dogging locations sent direct to ur mobile? Join the UK's largest Dogging Network. Txt PARK to 69696 now! Nyt. ec2a. 3lp £1.50/msg,1,1,0.99894744
ham,I'm really sorry i won't b able 2 do this friday.hope u can find an alternative.hope yr term's going ok:-),0,0,0.0003792433
ham,Sorry da:)i was thought of calling you lot of times:)lil busy.i will call you at noon..,0,0,0.00038975227
ham,You got called a tool?,0,0,0.0009146137
ham,U should have made an appointment,0,0,0.00043563012
ham,I though we shd go out n have some fun so bar in town or something – sound ok?,0,0,0.00036829791
ham,Watch lor. I saw a few swatch one i thk quite ok. Ard 116 but i need 2nd opinion leh...,0,0,0.00034397095
spam,Check Out Choose Your Babe Videos @ sms.shsex.netUN fgkslpoPW fgkslpo,1,1,0.99589807
spam,UR GOING 2 BAHAMAS! CallFREEFONE 08081560665 and speak to a live operator to claim either Bahamas cruise of£2000 CASH 18+only. To opt out txt X to 07786200117,1,1,0.9989818
ham,So ü'll be submitting da project tmr rite?,0,0,0.00036117696
ham,"Hey babe! I saw you came online for a second and then you disappeared, what happened ?",0,0,0.001582342
spam,Thanks 4 your continued support Your question this week will enter u in2 our draw 4 £100 cash. Name the NEW US President? txt ans to 80082,1,1,0.99894947
ham,Oh yeah clearly it's my fault,0,0,0.0004485757
ham,There is a first time for everything :),0,0,0.0007408056
spam,"YOU 07801543489 are guaranteed the latests Nokia Phone, a 40GB iPod MP3 player or a £500 prize! Txt word:COLLECT to No:83355! TC-LLC NY-USA 150p/Mt msgrcvd18+",1,1,0.99894947
ham,Here got lots of hair dresser fr china.,0,0,0.0005714301
ham,Ryder unsold.now gibbs.,0,0,0.00042971736
ham,WHAT TIME U WRKIN?,0,0,0.00043990326
ham,First answer my question.,0,0,0.000578162
ham,Ü wait 4 me in sch i finish ard 5..,0,0,0.0003487043
ham,i cant talk to you now.i will call when i can.dont keep calling.,0,0,0.00038371203
spam,Send a logo 2 ur lover - 2 names joined by a heart. Txt LOVE NAME1 NAME2 MOBNO eg LOVE ADAM EVE 07123456789 to 87077 Yahoo! POBox36504W45WQ TxtNO 4 no ads 150p.,1,1,0.99900913
ham," said kiss, kiss, i can't do the sound effects! He is a gorgeous man isn't he! Kind of person who needs a smile to brighten his day! ",0,0,0.0018350843
ham,You still at grand prix?,0,0,0.0012594985
ham,"Come to mu, we're sorting out our narcotics situation",0,0,0.00059650384
ham,"Ever green quote ever told by Jerry in cartoon ""A Person Who Irritates u Always Is the one Who Loves u Vry Much But Fails to Express It...!..!! :-) :-) gud nyt",0,0,0.0007000407
ham,I think if he rule tamilnadu..then its very tough for our people.,0,0,0.0004305571
ham,Why don't you wait 'til at least wednesday to see if you get your .,0,0,0.0005736653
ham,Aiyo u so poor thing... Then u dun wan 2 eat? U bathe already?,0,0,0.0003487043
ham,What can i do? Might accidant tookplace between somewhere ghodbandar rd. Traffic moves slovely. So plz slip &amp; don't worry.,0,0,0.00039434477
ham,This message is from a great Doctor in India:-): 1) Do not drink APPY FIZZ. It contains Cancer causing age,0,0,0.0024919678
ham,Friends that u can stay on fb chat with,0,0,0.0005399804
ham,"Please protect yourself from e-threats. SIB never asks for sensitive information like Passwords,ATM/SMS PIN thru email. Never share your password with anybody.",0,1,0.9925827
ham,All sounds good. Fingers . Makes it difficult to type,0,0,0.00049650425
ham,That was random saw my old roomate on campus. He graduated,0,0,0.00043563012
ham,HIYA STU WOT U UP 2.IM IN SO MUCH TRUBLE AT HOME AT MOMENT EVONE HATES ME EVEN U! WOT THE HELL AV I DONE NOW? Y WONT U JUST TELL ME TEXT BCK PLEASE LUV DAN ,0,0,0.00039204178
ham,Hey hun-onbus goin 2 meet him. He wants 2go out 4a meal but I donyt feel like it cuz have 2 get last bus home!But hes sweet latelyxxx,0,0,0.00040055232
ham,Does she usually take fifteen fucking minutes to respond to a yes or no question,0,0,0.002883959
ham,Was just about to ask. Will keep this one. Maybe that's why you didn't get all the messages we sent you on glo,0,0,0.00063001254
ham,Please reserve ticket on saturday eve from chennai to thirunelvali and again from tirunelvali to chennai on sunday eve...i already see in net..no ticket available..i want to book ticket through tackle ..,0,0,0.000998554
ham,Ok. Every night take a warm bath drink a cup of milk and you'll see a work of magic. You still need to loose weight. Just so that you know,0,0,0.00086092605
ham,"Mum, i've sent you many many messages since i got here. I just want to know that you are actually getting them. Do enjoy the rest of your day.",0,0,0.0010859445
ham,"That's the trouble with classes that go well - you're due a dodgey one … Expecting mine tomo! See you for recovery, same time, same place ",0,0,0.00069731334
ham,Sweet heart how are you?,0,0,0.0011832798
ham,"Good evening Sir, Al Salam Wahleykkum.sharing a happy news.By the grace of God, i got an offer from Tayseer,TISSCO and i joined.Hope you are fine.Inshah Allah,meet you sometime.Rakhesh,visitor from India.",0,0,0.0006538155
ham,He says he'll give me a call when his friend's got the money but that he's definitely buying before the end of the week,0,0,0.0018494504
spam,"Hi babe its Jordan, how r u? Im home from abroad and lonely, text me back if u wanna chat xxSP visionsms.com Text stop to stopCost 150p 08712400603",1,1,0.9989556
ham,Ok i go change also...,0,0,0.00036543285
ham,"Yeah, we got one lined up for us",0,0,0.0004984466
ham,"Yeah, we can probably swing by once my roommate finishes up with his girl",0,0,0.0007408056
ham,"Aight, I should be there by 8 at the latest, probably closer to 7. Are jay and tyler down or should we just do two trips?",0,0,0.00066151744
ham,"Once a fishrman woke early in d mrng. It was very dark. He waited a while &amp; found a sack ful of stones. He strtd throwin thm in2 d sea 2 pass time. Atlast he had jus 1stone, sun rose up &amp; he found out tht those r nt stones, those were diamonds. Moral:""Dont wake up early in d mrng'' GOOD night",0,0,0.00046461902
ham,Cool. Do you like swimming? I have a pool and jacuzzi at my house.,0,0,0.00067324063
ham,Why she wants to talk to me,0,0,0.0009362829
ham,Sir send to group mail check it.,0,0,0.0011626856
ham,Then ü wait 4 me at bus stop aft ur lect lar. If i dun c ü then i go get my car then come back n pick ü.,0,0,0.0003733659
ham,Aiya we discuss later lar... Pick ü up at 4 is it?,0,0,0.00036329866
spam,Camera - You are awarded a SiPix Digital Camera! call 09061221066 fromm landline. Delivery within 28 days,1,1,0.9989837
ham,Are we doing the norm tomorrow? I finish just a 4.15 cos of st tests. Need to sort library stuff out at some point tomo - got letter from today - access til end march so i better get move on!,0,0,0.0014522278
ham,"Hey... Thk we juz go accordin to wat we discussed yest lor, except no kb on sun... Cos there's nt much lesson to go if we attend kb on sat...",0,0,0.00039588756
ham,excellent. I spent  &lt;#&gt;  years in the Air Force. Iraq and afghanistan. I am stable and honest. do you like traveling?,0,0,0.0004181313
ham,Thanks. It was only from tescos but quite nice. All gone now. Speak soon ,0,0,0.00045297577
ham,"Ha. You don‘t know either. I did a a clever but simple thing with pears the other day, perfect for christmas.",0,0,0.00040844924
ham,I am taking you for italian food. How about a pretty dress with no panties? :),0,0,0.00079008617
spam,Bought one ringtone and now getting texts costing 3 pound offering more tones etc,1,1,0.55857533
spam,Please CALL 08712402779 immediately as there is an urgent message waiting for you,1,1,0.9988575
ham,I knew it... U slept v late yest? Wake up so late...,0,0,0.00036400868
ham,"By the way, 'rencontre' is to meet again. Mountains dont....",0,0,0.00046371284
ham,Ladies first and genus second k .,0,0,0.0010083435
ham,Thk some of em find wtc too far... Weiyi not goin... E rest i dunno yet... R ur goin 4 dinner den i might b able to join...,0,0,0.00037118545
ham,"Nothing really, just making sure everybody's up to speed",0,0,0.00059883716
ham,Just woke up. Yeesh its late. But I didn't fall asleep til &lt;#&gt; am :/,0,0,0.00035836728
ham,Ffffffffff. Alright no way I can meet up with you sooner?,0,0,0.0003912771
spam,"Claim a 200 shopping spree, just call 08717895698 now! Have you won! MobStoreQuiz10ppm",1,1,0.9989857
ham,Watching tv now. I got new job :),0,0,0.00042637467
ham,I forgot 2 ask ü all smth.. There's a card on da present lei... How? Ü all want 2 write smth or sign on it?,0,0,0.0003974364
spam,Todays Voda numbers ending 5226 are selected to receive a ?350 award. If you hava a match please call 08712300220 quoting claim code 1131 standard rates app ,1,1,0.99897975
ham,Sday only joined.so training we started today:),0,0,0.0004100472
ham,I dont know what to do to come out of this so only am ask questions like this dont mistake me.,0,0,0.00047656128
ham,";-( oh well, c u later",0,0,0.00038521324
spam,"Someone has contacted our dating service and entered your phone becausethey fancy you! To find out who it is call from a landline 09058098002. PoBox1, W14RG 150p",1,1,0.9990054
ham,I told her I had a Dr appt next week. She thinks I'm gonna die. I told her its just a check. Nothing to be worried about. But she didn't listen.,0,0,0.0005033356
ham,Have a great trip to India. And bring the light to everyone not just with the project but with everyone that is lucky to see you smile. Bye. Abiola,0,0,0.00096975197
ham,"Haha, that was the first person I was gonna ask",0,0,0.0004036926
ham,Tomarrow i want to got to court. At  &lt;DECIMAL&gt; . So you come to bus stand at 9.,0,0,0.0003974364
ham,NOT ENUFCREDEIT TOCALL.SHALL ILEAVE UNI AT 6 +GET A BUS TO YOR HOUSE?,0,0,0.00045209235
spam,Do you want a new Video handset? 750 any time any network mins? UNLIMITED TEXT? Camcorder? Reply or Call now 08000930705 for del Sat AM,1,1,0.99896574
ham,Have a good trip. Watch out for . Remember when you get back we must decide about easter.,0,0,0.00055062474
ham,Hows the champ just leaving glasgow!,0,0,0.0008409995
ham,A lot of this sickness thing going round. Take it easy. Hope u feel better soon. Lol,0,0,0.00035350278
ham,"Aight, I'll hit you up when I get some cash",0,0,0.0004124559
ham,Yes i will be there. Glad you made it.,0,0,0.0004124559
ham,As if i wasn't having enough trouble sleeping.,0,0,0.00053578056
ham,aathi..where are you dear..,0,0,0.0004100472
ham,So what u doing today?,0,0,0.00044770085
ham,Designation is software developer and may be she get chennai:),0,0,0.0007096704
spam,URGENT This is our 2nd attempt to contact U. Your £900 prize from YESTERDAY is still awaiting collection. To claim CALL NOW 09061702893,1,1,0.99900913
ham,Ok but knackered. Just came home and went to sleep! Not good at this full time work lark.,0,0,0.00043478046
ham,Horrible gal. Me in sch doing some stuff. How come u got mc?,0,0,0.0003507528
ham,"Yeah I should be able to, I'll text you when I'm ready to meet up",0,0,0.0005614787
ham,Tomarrow final hearing on my laptop case so i cant.,0,0,0.00038975227
ham,From someone not to smoke when every time I've smoked in the last two weeks is because of you calling or texting me that you wanted to smoke,0,0,0.003991728
ham,Mmmm ... Fuck ... Not fair ! You know my weaknesses ! *grins* *pushes you to your knee's* *exposes my belly and pulls your head to it* Don't forget ... I know yours too *wicked smile*,0,0,0.00050137425
ham,"Height of ""Oh shit....!!"" situation: A guy throws a luv letter on a gal but falls on her brothers head whos a gay,.;-):-D",0,0,0.0006771942
ham,Hey i'm bored... So i'm thinking of u... So wat r u doing?,0,0,0.00036901768
spam,Customer service annoncement. You have a New Years delivery waiting for you. Please call 07046744435 now to arrange delivery,1,1,0.9988373
ham,Good night my dear.. Sleepwell&amp;Take care,0,0,0.0004255431
ham,I am on the way to ur home,0,0,0.00046371284
spam,Guess what! Somebody you know secretly fancies you! Wanna find out who it is? Give us a call on 09065394973 from Landline DATEBox1282EssexCM61XN 150p/min 18,1,1,0.9989857
ham,In da car park ,0,0,0.00061662967
ham,Geeeee ... I love you so much I can barely stand it,0,0,0.00035557942
ham,Annoying isn't it.,0,0,0.0006654022
ham,"Depends on quality. If you want the type i sent boye, faded glory, then about 6. If you want ralphs maybe 2",0,0,0.00049650425
ham,Babe ? I lost you ... :-(,0,0,0.00040844924
ham,Yup having my lunch buffet now.. U eat already?,0,0,0.0003618828
ham,"Got fujitsu, ibm, hp, toshiba... Got a lot of model how to say...",0,0,0.00074661145
ham,Squeeeeeze!! This is christmas hug.. If u lik my frndshp den hug me back.. If u get 3 u r cute:) 6 u r luvd:* 9 u r so lucky;) None? People hate u:,0,0,0.00040606395
ham,I love to give massages. I use lots of baby oil... What is your fave position?,0,0,0.0005452766
ham,I'm in a movie... Collect car oredi...,0,0,0.00042471313
ham,Message:some text missing* Sender:Name Missing* *Number Missing *Sent:Date missing *Missing U a lot thats y everything is missing sent via fullonsms.com,0,1,0.97409195
ham,Huh so late... Fr dinner?,0,0,0.00038521324
ham,"Dont pack what you can buy at any store.like cereals. If you must pack food, pack gari or something 9ja that you will miss.",0,0,0.0006487309
ham,Huh so fast... Dat means u havent finished painting?,0,0,0.00035006859
ham," came to look at the flat, seems ok, in his 50s? * Is away alot wiv work. Got woman coming at 6.30 too.",0,0,0.0004664366
ham,"I'll see if I can swing by in a bit, got some things to take care of here firsg",0,0,0.00041731578
ham,"I can't keep going through this. It was never my intention to run you out, but if you choose to do that rather than keep the room clean so *I* don't have to say no to visitors, then maybe that's the best choice. Yes, I wanted you to be embarassed, so maybe you'd feel for once how I feel when i have a friend who wants to drop buy and i have to say no, as happened this morning. I've tried everything. I don't know what else to do.",0,0,0.00080251833
ham,The world's most happiest frnds never have the same characters... Dey just have the best understanding of their differences...,0,0,0.0006361913
ham,Beauty sleep can help ur pimples too.,0,0,0.00080251833
ham,Unlimited texts. Limited minutes.,0,0,0.002406089
ham,"Nah man, my car is meant to be crammed full of people",0,0,0.0006202512
ham,"Carlos is down but I have to pick it up from him, so I'll swing by usf in a little bit",0,0,0.00042887926
ham,O we cant see if we can join denis and mina? Or does denis want alone time,0,0,0.00046826137
ham,Even i cant close my eyes you are in me our vava playing umma :-D,0,0,0.00037629314
ham,Cps is causing the outages to conserve energy.,0,0,0.003750789
ham,Ambrith..madurai..met u in arun dha marrge..remembr?,0,0,0.00042971736
ham,What time is ur flight tmr?,0,0,0.00062755786
ham,Text her. If she doesnt reply let me know so i can have her log in,0,0,0.00039977106
ham,Dude ive been seeing a lotta corvettes lately,0,0,0.00041650186
spam,Santa calling! Would your little ones like a call from Santa Xmas Eve? Call 09077818151 to book you time. Calls1.50ppm last 3mins 30s T&C www.santacalling.com,1,1,0.9989956
ham,Your brother is a genius,0,0,0.0012207953
ham,Well I might not come then...,0,0,0.00036973885
ham,"Ill call u 2mrw at ninish, with my address that icky American freek wont stop callin me 2 bad Jen k eh?",0,0,0.0005747862
spam,URGENT! We are trying to contact you. Last weekends draw shows that you have won a £900 prize GUARANTEED. Call 09061701851. Claim code K61. Valid 12hours only,1,1,0.9989818
ham,Goodo! Yes we must speak friday - egg-potato ratio for tortilla needed! ,0,0,0.0009417797
ham,Miles and smiles r made frm same letters but do u know d difference..? smile on ur face keeps me happy even though I am miles away from u.. :-)keep smiling.. Good nyt,0,0,0.00037702857
spam,Get your garden ready for summer with a FREE selection of summer bulbs and seeds worth £33:50 only with The Scotsman this Saturday. To stop go2 notxt.co.uk,1,1,0.99849296
ham,Yes but I don't care cause I know its there!,0,0,0.00041568946
ham,Not yet chikku..wat abt u?,0,0,0.00037263767
ham,When u wana see it then,0,0,0.0004181313
ham,"Sorry im getting up now, feel really bad- totally rejected that kinda me thing.",0,0,0.00038221668
ham,K. I will sent it again,0,0,0.000366147
ham,Guai... Ü shd haf seen him when he's naughty... Ü so free today? Can go jogging...,0,0,0.0003777654
ham,Ok i am on the way to railway,0,0,0.00042971736
ham,I'm at home. Please call,0,0,0.00044421837
ham,Change again... It's e one next to escalator...,0,0,0.000453861
spam,"New Mobiles from 2004, MUST GO! Txt: NOKIA to No: 89545 & collect yours today! From ONLY £1. www.4-tc.biz 2optout 087187262701.50gbp/mtmsg18 TXTAUCTION.",1,1,0.99900144
ham,"A swt thought: ""Nver get tired of doing little things 4 lovable persons.."" Coz..somtimes those little things occupy d biggest part in their Hearts.. Gud ni8",0,0,0.00040290525
ham,Then why you not responding,0,0,0.00065254065
ham,At WHAT TIME should i come tomorrow,0,0,0.0005112579
ham,"Yeah probably, I still gotta check out with leo",0,0,0.00038975227
ham,Nope i'll come online now..,0,0,0.00038072708
ham,Yo you around? A friend of mine's lookin to pick up later tonight,0,0,0.0004916815
ham,I was up all night too worrying about this appt. It's a shame we missed a girls night out with quizzes popcorn and you doing my hair.,0,0,0.0005603838
ham,I walked an hour 2 c u! doesnt that show I care y wont u believe im serious?,0,0,0.00041731578
ham,Oh thats late! Well have a good night and i will give u a call tomorrow. Iam now going to go to sleep night night,0,0,0.00036973885
ham,Dear we are going to our rubber place,0,0,0.0005692035
ham,But really quite funny lor wat... Then u shd haf run shorter distance wat...,0,0,0.0003748267
ham,Hi darlin i cantdo anythingtomorrow as myparents aretaking me outfor a meal. when are u free? Katexxx,0,0,0.0004390453
ham,Yeah that'd pretty much be the best case scenario,0,0,0.0005347357
ham,That depends. How would you like to be treated? :),0,0,0.0005420927
ham,Actually getting ready to leave the house.,0,0,0.00074661145
ham,Mm i am on the way to railway,0,0,0.0004272079
ham,Yo theres no class tmrw right?,0,0,0.0003748267
spam,ringtoneking 84484,1,1,0.99557483
spam,Urgent! Please call 09061743810 from landline. Your ABTA complimentary 4* Tenerife Holiday or #5000 cash await collection SAE T&Cs Box 326 CW25WX 150 ppm,1,1,0.9989778
ham,Why de. You looking good only:-)..,0,0,0.000390514
ham,Apo all other are mokka players only,0,0,0.0007379196
spam,Do you want a NEW video phone750 anytime any network mins 150 text for only five pounds per week call 08000776320 now or reply for delivery tomorrow,1,1,0.99895763
ham,Lol they were mad at first but then they woke up and gave in.,0,0,0.0005092657
spam,URGENT We are trying to contact you Last weekends draw shows u have won a £1000 prize GUARANTEED Call 09064017295 Claim code K52 Valid 12hrs 150p pm,1,1,0.9989857
spam,"HOT LIVE FANTASIES call now 08707509020 Just 20p per min NTT Ltd, PO Box 1327 Croydon CR9 5WB 0870 is a national rate call",1,1,0.99894744
ham,Hi.what you think about match?,0,0,0.00066151744
ham,"Awesome, I remember the last time we got somebody high for the first time with diesel :V",0,0,0.0006550929
ham,No objection. My bf not coming.,0,0,0.0004124559
ham,"How are you, my Love ? Are you with your brother ? Time to talk english with him ? *grins* Say : Hey Muhommad, Penny says hello from across the sea",0,0,0.0015761828
ham,Are you willing to go for apps class.,0,0,0.00092538487
ham,Yes there were many sweets,0,0,0.00060471025
ham,Where at were hungry too,0,0,0.0005347357
ham,Ok no prob...,0,0,0.00041650186
spam,Dear 0776xxxxxxx U've been invited to XCHAT. This is our final attempt to contact u! Txt CHAT to 86688 150p/MsgrcvdHG/Suite342/2Lands/Row/W1J6HL LDN 18yrs,1,1,0.99901116
ham,Dont you have message offer,0,0,0.0005399804
ham,Cbe is really good nowadays:)lot of shop and showrooms:)city is shaping good.,0,0,0.0012399962
ham,Its posible dnt live in  &lt;#&gt; century cm frwd n thnk different,0,0,0.00046190582
ham,If you ask her or she say any please message.,0,0,0.001348488
ham,S....s...india going to draw the series after many years in south african soil..,0,0,0.00086936745
ham,Sent me de webadres for geting salary slip,0,0,0.00044076296
ham,From tomorrow onwards eve 6 to 3 work.,0,0,0.0029521482
ham,Omg Joanna is freaking me out. She's looked thru all my friends to find photos of me. And then she's asking about stuff on my MySpace which I haven't even logged on in like a year. :/,0,0,0.00109019
ham,Oh thanks a lot..i already bought 2 eggs ..,0,0,0.00038975227
ham,You will be in the place of that man,0,0,0.00090396777
ham,"So check your errors and if you had difficulties, do correction.",0,0,0.0008575725
ham,Aight what time you want me to come up?,0,0,0.0005162725
ham,Any way where are you and what doing.,0,0,0.0006719279
ham,Yup. Wun believe wat? U really neva c e msg i sent shuhui?,0,0,0.00036329866
ham,Yun ah.now ü wkg where?btw if ü go nus sc. Ü wana specialise in wad?,0,0,0.0003748267
ham,Where are the garage keys? They aren't on the bookshelf,0,0,0.00069054146
ham,Hi dear we saw dear. We both are happy. Where you my battery is low,0,0,0.0004485757
ham,"Sorry light turned green, I meant another friend wanted  &lt;#&gt;  worth but he may not be around",0,0,0.00038747612
ham,Lol u still feeling sick?,0,0,0.0004124559
ham,May b approve panalam...but it should have more posts..,0,0,0.0004459562
ham,Your daily text from me – a favour this time,0,0,0.0019342612
spam,"Thanks for your ringtone order, reference number X29. Your mobile will be charged 4.50. Should your tone not arrive please call customer services 09065989180",1,1,0.99898773
ham,Yes :)it completely in out of form:)clark also utter waste.,0,0,0.00060471025
ham,Yes I know the cheesy songs from frosty the snowman :),0,0,0.0005647765
ham,Yeah get the unlimited,0,0,0.0006386796
ham,twenty past five he said will this train have been to durham already or not coz i am in a reserved seat,0,0,0.00047936052
spam,"FREE GAME. Get Rayman Golf 4 FREE from the O2 Games Arcade. 1st get UR games settings. Reply POST, then save & activ8. Press 0 key for Arcade. Termsapply",1,1,0.9983223
ham,Lol no. I just need to cash in my nitros. Hurry come on before I crash out!,0,0,0.000390514
ham,Misplaced your number and was sending texts to your old number. Wondering why i've not heard from you this year. All the best in your mcat. Got this number from my atlanta friends,0,0,0.0010505168
ham,Maybe?! Say hi to  and find out if  got his card. Great escape or wetherspoons? ,0,0,0.00061422714
ham,I'll pick you up at about 5.15pm to go to taunton if you still want to come.,0,0,0.0012375797
ham,Good afternoon my boytoy. How goes that walking here and there day ? Did you get that police abstract? Are you still out and about? I wake and miss you babe,0,0,0.0006771942
ham,Send this to ur friends and receive something about ur voice..... How is my speaking expression? 1.childish 2.naughty 3.Sentiment 4.rowdy 5.ful of attitude 6.romantic 7.shy 8.Attractive 9.funny  &lt;#&gt; .irritating  &lt;#&gt; .lovable. reply me..,0,0,0.00075836
ham,Gud mrng dear have a nice day,0,0,0.0004076526
ham,Its a big difference.  &lt;#&gt;  versus  &lt;#&gt;  every  &lt;#&gt; hrs,0,0,0.0005254231
ham,"Babe, I'm answering you, can't you see me ? Maybe you'd better reboot YM ... I got the photo ... It's great !",0,0,0.0005092657
ham,Hi! You just spoke to MANEESHA V. We'd like to know if you were satisfied with the experience. Reply Toll Free with Yes or No.,0,0,0.004093958
ham,"Hi, wlcome back, did wonder if you got eaten by a lion or something, nothing much",0,0,0.000423058
spam,URGENT! Your Mobile number has been awarded with a £2000 Bonus Caller Prize. Call 09058095201 from land line. Valid 12hrs only,1,1,0.99895966
ham,Have your lunch and come quickly and open the door:),0,0,0.0006178345
ham,No management puzzeles.,0,0,0.0006263342
ham,But I'm on a diet. And I ate 1 too many slices of pizza yesterday. Ugh I'm ALWAYS on a diet.,0,0,0.0003951154
spam,"Urgent! call 09066350750 from your landline. Your complimentary 4* Ibiza Holiday or 10,000 cash await collection SAE T&Cs PO BOX 434 SK3 8WP 150 ppm 18+ ",1,1,0.99897975
ham,"Sorry I flaked last night, shit's seriously goin down with my roommate, what you up to tonight?",0,0,0.00058955856
ham,"Theoretically yeah, he could be able to come",0,0,0.00047377846
ham,"Sir, I need Velusamy sir's date of birth and company bank facilities details.",0,0,0.00052747846
ham,How. Its a little difficult but its a simple way to enter this place,0,0,0.000461005
ham,U R THE MOST BEAUTIFUL GIRL IVE EVER SEEN. U R MY BABY COME AND C ME IN THE COMMON ROOM,0,0,0.00038521324
ham,My love ! How come it took you so long to leave for Zaher's? I got your words on ym and was happy to see them but was sad you had left. I miss you,0,0,0.00062511285
ham,Pls help me tell Ashley that i cant find her number oh,0,0,0.0003799845
ham,Lol please do. Actually send a pic of yourself right now. I wanna see. Pose with a comb and hair dryer or something.,0,0,0.00037850367
ham,I came hostel. I m going to sleep. Plz call me up before class. Hrishi.,0,0,0.0004036926
spam,"URGENT! Last weekend's draw shows that you have won £1000 cash or a Spanish holiday! CALL NOW 09050000332 to claim. T&C: RSTM, SW7 3SS. 150ppm",1,1,0.99897975
ham,I've sent my wife your text. After we buy them she'll tell you what to do. So just relax. We should go get them this wkend.,0,0,0.0004907226
spam,WOW! The Boys R Back. TAKE THAT 2007 UK Tour. Win VIP Tickets & pre-book with VIP Club. Txt CLUB to 81303. Trackmarque Ltd info@vipclub4u.,1,1,0.99871314
ham,GRAN ONLYFOUND OUT AFEW DAYS AGO.CUSOON HONI,0,0,0.00039977106
ham,Dude while were makin those weirdy brownies my sister made awesome cookies. I took pics.,0,0,0.00057254656
ham,Am on a train back from northampton so i'm afraid not! I'm staying skyving off today ho ho! Will be around wednesday though. Do you fancy the comedy club this week by the way?,0,0,0.0012160417
ham,Get ready for  &lt;#&gt;  inches of pleasure...,0,0,0.00044682765
ham,I have no money 4 steve mate! !,0,0,0.00074515573
spam,"SPJanuary Male Sale! Hot Gay chat now cheaper, call 08709222922. National rate from 1.5p/min cheap to 7.8p/min peak! To stop texts call 08712460324 (10p/min)",1,1,0.9989617
ham,I dont. Can you send it to me. Plus how's mode.,0,0,0.0003799845
ham,Hey.. Something came up last min.. Think i wun be signing up tmr.. Hee,0,0,0.00035627434
ham,I attended but nothing is there.,0,0,0.0004416243
ham,O. Guess they both got screwd,0,0,0.0003792433
ham,You call times job today ok umma and ask them to speed up,0,0,0.00067587383
ham,I'm vivek:)i got call from your number.,0,0,0.0004076526
ham,"When you get free, call me",0,0,0.00074370287
ham,In xam hall boy asked girl Tell me the starting term for dis answer I can den manage on my own After lot of hesitation n lookin around silently she said THE! intha ponnungale ipaditan;),0,0,0.00044682765
ham,"I'm used to it. I just hope my agents don't drop me since i've only booked a few things this year. This whole me in boston, them in nyc was an experiment.",0,0,0.0015608892
ham,You'd like that wouldn't you? Jerk!,0,0,0.0007069056
ham,"I am late,so call you tomorrow morning.take care sweet dreams....u and me...ummifying...bye.",0,0,0.0003935756
ham,Ok no prob,0,0,0.00044421837
ham,"Yes obviously, but you are the eggs-pert and the potato head… Speak soon! ",0,0,0.000532652
ham,Sorry for the delay. Yes masters,0,0,0.00048217614
ham,Are you still getting the goods.,0,0,0.0006550929
ham,Tomorrow i am not going to theatre. . . So i can come wherever u call me. . . Tell me where and when to come tomorrow,0,0,0.00040924747
ham,Xy trying smth now. U eat already? We havent...,0,0,0.00034599163
ham,"Sure thing big man. i have hockey elections at 6, shouldn‘t go on longer than an hour though",0,0,0.00043648144
ham,Hmmm...k...but i want to change the field quickly da:-)i wanna get system administrator or network administrator..,0,0,0.00047656128
ham,Dear we got  &lt;#&gt;  dollars hi hi,0,0,0.0004255431
ham,"Aight, can you text me the address?",0,0,0.00052850915
ham,COME BACK TO TAMPA FFFFUUUUUUU,0,0,0.0005849732
ham,Goodmorning today i am late for  &lt;DECIMAL&gt; min.,0,0,0.0004305571
ham,How much you got for cleaning,0,0,0.0009181901
ham,Also hi wesley how've you been,0,0,0.00047009322
ham,Okay... We wait ah,0,0,0.00037409563
ham,Your right! I'll make the appointment right now.,0,0,0.0006070755
ham,Detroit. The home of snow. Enjoy it.,0,0,0.0005872614
ham,Dear how you. Are you ok?,0,0,0.0004994205
ham,say thanks2. ,0,0,0.0005680935
ham,Where in abj are you serving. Are you staying with dad or alone.,0,0,0.00051829213
ham,You do your studies alone without anyones help. If you cant no need to study.,0,0,0.0005072812
ham,Early bird! Any purchases yet?,0,0,0.0011536479
ham,"And that's fine, I got enough bud to last most of the night at least",0,0,0.00041894842
ham,MAKE SURE ALEX KNOWS HIS BIRTHDAY IS OVER IN FIFTEEN MINUTES AS FAR AS YOU'RE CONCERNED,0,0,0.0012793075
ham,* Am on my way,0,0,0.00048029723
ham,I see a cup of coffee animation,0,0,0.00062389387
ham,"Sez, hows u & de arab boy? Hope u r all good give my love 2 evry1 love ya eshxxxxxxxxxxx",0,0,0.0017477858
ham,Hello my little party animal! I just thought I'd buzz you as you were with your friends ...*grins*... Reminding you were loved and send a naughty adoring kiss,0,0,0.0006178345
spam,You have won a guaranteed £200 award or even £1000 cashto claim UR award call free on 08000407165 (18+) 2 stop getstop on 88222 PHP,1,1,0.9989956
ham,Where are you ? What are you doing ? Are yuou working on getting the pc to your mom's ? Did you find a spot that it would work ? I need you,0,0,0.0013966716
ham,I gotta collect da car at 6 lei.,0,0,0.00036047245
ham,Man this bus is so so so slow. I think you're gonna get there before me,0,0,0.000532652
spam,"Double mins and txts 4 6months FREE Bluetooth on Orange. Available on Sony, Nokia Motorola phones. Call MobileUpd8 on 08000839402 or call2optout/N9DX",1,1,0.9989718
ham,When're you guys getting back? G said you were thinking about not staying for mcr,0,0,0.0005193048
ham,"Thanks, I'll keep that in mind",0,0,0.00042637467
spam,8007 25p 4 Alfie Moon's Children in Need song on ur mob. Tell ur m8s. Txt TONE CHARITY to 8007 for nokias or POLY CHARITY for polys :zed 08701417012 profit 2 charity ,1,1,0.99901116
spam,"You are guaranteed the latest Nokia Phone, a 40GB iPod MP3 player or a £500 prize! Txt word: COLLECT to No: 83355! IBHltd LdnW15H 150p/Mtmsgrcvd18",1,1,0.99895966
ham,Lmao you know me so well...,0,0,0.00036259
spam,We tried to call you re your reply to our sms for a video mobile 750 mins UNLIMITED TEXT + free camcorder Reply of call 08000930705 Now,1,1,0.99899167
ham,Hey r ü still online? I've finished the formatting...,0,0,0.00040685752
ham,I dun believe u. I thk u told him.,0,0,0.00036117696
ham,How u doin baby girl ?? hope u are okay every time I call ure phone is off! I miss u get in touch,0,0,0.0004339325
ham,And by when you're done I mean now,0,0,0.00042887926
ham,What time. I‘m out until prob 3 or so,0,0,0.00034802416
ham,Eatin my lunch...,0,0,0.00040685752
ham,I'm serious. You are in the money base,0,0,0.00059650384
spam,Text BANNEDUK to 89555 to see! cost 150p textoperator g696ga 18+ XXX,1,1,0.9989718
ham,So that means you still think of teju,0,0,0.00053578056
spam,XMAS Prize draws! We are trying to contact U. Todays draw shows that you have won a £2000 prize GUARANTEED. Call 09058094565 from land line. Valid 12hrs only,1,1,0.9989936
ham,Hows the street where the end of library walk is?,0,0,0.0009510131
ham,Anytime lor...,0,0,0.0004076526
ham,Havent still waitin as usual... Ü come back sch oredi?,0,0,0.00034464317
ham,Oh k...i'm watching here:),0,0,0.00038072708
ham,"Haha figures, well I found the piece and priscilla's bowl",0,0,0.00042058743
spam,YOU ARE CHOSEN TO RECEIVE A £350 AWARD! Pls call claim number 09066364311 to collect your award which you are selected to receive as a valued mobile customer.,1,1,0.9989225
ham,"Haha awesome, I might need to take you up on that, what you doin tonight?",0,0,0.00041568946
ham,Gud mrng dear hav a nice day,0,0,0.00041568946
ham,"Sorry, got a late start, we're on the way",0,0,0.00046826137
ham,"Good morning, my Love ... I go to sleep now and wish you a great day full of feeling better and opportunity ... You are my last thought babe, I LOVE YOU *kiss*",0,0,0.00052337564
spam,T-Mobile customer you may now claim your FREE CAMERA PHONE upgrade & a pay & go sim card for your loyalty. Call on 0845 021 3680.Offer ends 28thFeb.T&C's apply,1,1,0.99897385
ham,Are you not around or just still asleep? :V,0,0,0.000543152
ham,I'm watching lotr w my sis dis aft. So u wan 2 meet me 4 dinner at nite a not?,0,0,0.00035488585
ham,"Mostly sports type..lyk footbl,crckt..",0,0,0.00040290525
ham,Yes.mum lookin strong:),0,0,0.0003974364
ham,1 I don't have her number and 2 its gonna be a massive pain in the ass and i'd rather not get involved if that's possible,0,0,0.00043139848
ham,Happy new year to u too!,0,0,0.000725071
ham,Me too watching surya movie only. . .after 6 pm vijay movie POKKIRI,0,0,0.0005336929
ham,Not course. Only maths one day one chapter with in one month we can finish.,0,0,0.0005452766
ham,It vl bcum more difficult..,0,0,0.0004044815
ham,You getting back any time soon?,0,0,0.00074806996
ham,What type of stuff do you sing?,0,0,0.0026470984
ham,On the road so cant txt,0,0,0.00054103555
ham,Also andros ice etc etc,0,0,0.00066151744
ham,Got c... I lazy to type... I forgot ü in lect... I saw a pouch but like not v nice...,0,0,0.00036829791
ham,Thanx but my birthday is over already.,0,0,0.00039899134
spam,IMPORTANT MESSAGE. This is a final contact attempt. You have important messages waiting out our customer claims dept. Expires 13/4/04. Call 08717507382 NOW!,1,1,0.99899167
ham,HI DARLIN IVE JUST GOT BACK AND I HAD A REALLY NICE NIGHT AND THANKS SO MUCH FOR THE LIFT SEE U TOMORROW XXX,0,0,0.0004888105
ham,You still around? Looking to pick up later,0,0,0.0007110568
spam,Do you want a New Nokia 3510i colour phone DeliveredTomorrow? With 300 free minutes to any mobile + 100 free texts + Free Camcorder reply or call 08000930705,1,1,0.99896574
ham,Erm. I thought the contract ran out the4th of october.,0,0,0.00037046144
ham,Bring it if you got it,0,0,0.00063495064
ham,"No i'm not. I can't give you everything you want and need. You actually could do better for yourself on yor own--you've got more money than i do. I can't get work, i can't get a man, i can't pay the rent, i can't even fill my fucking gas tank. yes, i'm stressed and depressed. I didn't even call home for thanksgiving cuz i'll have to tell them i,m up to nothing.",0,0,0.00062267727
ham,Pls send me your address sir.,0,0,0.0004339325
ham,K..k..any special today?,0,0,0.0006023541
ham,I not busy juz dun wan 2 go so early.. Hee.. ,0,0,0.0003576683
spam,"FREE NOKIA Or Motorola with upto 12mths 1/2price linerental, 500 FREE x-net mins&100txt/mth FREE B'tooth*. Call Mobileupd8 on 08001950382 or call 2optout/D3WV",1,1,0.99899954
spam,Call 09095350301 and send our girls into erotic ecstacy. Just 60p/min. To stop texts call 08712460324 (nat rate),1,1,0.99896777
ham,* You gonna ring this weekend or wot?,0,0,0.00037409563
spam,"YOUR CHANCE TO BE ON A REALITY FANTASY SHOW call now = 08707509020 Just 20p per min NTT Ltd, PO Box 1327 Croydon CR9 5WB 0870 is a national = rate call.",1,1,0.99896574
ham,"I'm tired of arguing with you about this week after week. Do what you want and from now on, i'll do the same.",0,0,0.0009584648
spam,Dont forget you can place as many FREE Requests with 1stchoice.co.uk as you wish. For more Information call 08707808226.,1,1,0.99896777
ham,Oh k:)after that placement there ah?,0,0,0.0004036926
spam,Hello. We need some posh birds and chaps to user trial prods for champneys. Can i put you down? I need your address and dob asap. Ta r,1,0,0.00052850915
ham,Match started.india  &lt;#&gt;  for 2,0,0,0.00046734812
ham,Oops sorry. Just to check that you don't mind picking me up tomo at half eight from station. Would that be ok?,0,0,0.00042471313
ham,"Wen u miss someone, the person is definitely special for u..... But if the person is so special, why to miss them, just Keep-in-touch gdeve..",0,0,0.0004459562
ham,God created gap btwn ur fingers so dat sum1 vry special will fill those gaps by holding ur hands.. Now plz dont ask y he created so much gap between legs !!!,0,0,0.0004897656
ham,"HEY THERE BABE, HOW U DOIN? WOT U UP 2 2NITE LOVE ANNIE X.",0,0,0.000423058
ham,Ha ha cool cool chikku chikku:-):-DB-),0,0,0.00053578056
spam,Thanks for the Vote. Now sing along with the stars with Karaoke on your mobile. For a FREE link just reply with SING now.,1,1,0.99766326
spam,"Customer service announcement. We recently tried to make a delivery to you but were unable to do so, please call 07099833605 to re-schedule. Ref:9280114",1,1,0.9989183
ham,Hey! There's veggie pizza... :/,0,0,0.00095659646
ham,"Well, i'm glad you didn't find it totally disagreeable ... Lol",0,0,0.00038747612
ham,"Oh really? perform, write a paper, go to a movie AND be home by midnight, huh?",0,0,0.0007978335
ham,My sis is catching e show in e afternoon so i'm not watching w her. So c u wan 2 watch today or tmr lor.,0,0,0.0003576683
ham,Umma. Did she say anything,0,0,0.00042388475
ham,Boy you best get yo ass out here quick,0,0,0.0005033356
ham,I have a sore throat. It's scratches when I talk,0,0,0.00046734812
ham,"What do u reckon as need 2 arrange transport if u can't do it, thanks",0,0,0.00040527197
ham,Excellent! Wish we were together right now!,0,0,0.0006771942
ham,"sry can't talk on phone, with parents",0,0,0.00041568946
ham,Only saturday and sunday holiday so its very difficult:),0,0,0.00057703455
ham,"Yeah hopefully, if tyler can't do it I could maybe ask around a bit",0,0,0.0004222329
spam,Someonone you know is trying to contact you via our dating service! To find out who it could be call from your mobile or landline 09064015307 BOX334SK38ch ,1,1,0.9989857
spam,We currently have a message awaiting your collection. To collect your message just call 08718723815.,1,1,0.99896777
ham,Lol ok your forgiven :),0,0,0.0003951154
ham,Delhi and chennai still silent.,0,0,0.0012065897
ham,"Only just got this message, not ignoring you. Yes, i was. Shopping that is",0,0,0.000522355
ham,"Hmmm.... Mayb can try e shoppin area one, but forgot e name of hotel...",0,0,0.00040211933
ham,"Hello. Sort of out in town already. That . So dont rush home, I am eating nachos. Will let you know eta.",0,0,0.0003867204
spam,"Romantic Paris. 2 nights, 2 flights from £79 Book now 4 next year. Call 08704439680Ts&Cs apply.",1,1,0.9988991
ham,I (Career Tel) have added u as a contact on INDYAROCKS.COM to send FREE SMS. To remove from phonebook - sms NO to  &lt;#&gt;,0,1,0.96912026
ham,Dont worry. I guess he's busy.,0,0,0.00037629314
ham,"Aight yo, dats straight dogg",0,0,0.0004459562
ham,what is your account number?,0,0,0.002673006
ham,"That day ü say ü cut ur hair at paragon, is it called hair sense? Do ü noe how much is a hair cut? ",0,0,0.00048029723
ham,Kaiez... Enjoy ur tuition... Gee... Thk e second option sounds beta... I'll go yan jiu den msg u...,0,0,0.00041084853
ham,No rushing. I'm not working. I'm in school so if we rush we go hungry.,0,0,0.00045741905
spam,important information 4 orange user . today is your lucky day!2find out why log onto http://www.urawinner.com THERE'S A FANTASTIC SURPRISE AWAITING YOU!,1,1,0.9971439
ham,"Velly good, yes please!",0,0,0.00046280847
ham,Which is why i never wanted to tell you any of this. Which is why i'm so short with you and on-edge as of late.,0,0,0.0010987311
ham,When did dad get back.,0,0,0.0005336929
spam,"SMSSERVICES. for yourinclusive text credits, pls goto www.comuk.net login= 3qxj9 unsubscribe with STOP, no extra charge. help 08702840625.COMUK. 220-CM2 9AE",1,1,0.9989778
ham,Or maybe my fat fingers just press all these buttons and it doesn't know what to do.,0,0,0.0010484692
ham,"Ola would get back to you maybe not today but I ve told him you can be his direct link in the US in getting cars he bids for online, you arrange shipping and you get a cut. Or U????? For a partnership where U????? Invest money for shipping and he takes care of the rest!U??Wud b self reliant soon dnt worry",0,0,0.0005884088
ham,At home by the way,0,0,0.00109019
ham,I liked your new house,0,0,0.0005442133
ham,Ok c ü then.,0,0,0.00036757955
ham,"Sorry, I'll call later in meeting",0,0,0.00043818905
ham,Great to hear you are settling well. So what's happenin wit ola?,0,0,0.00045474793
ham,Ha... U jus ate honey ar? So sweet...,0,0,0.00037263767
ham,Oh ok.. Wat's ur email?,0,0,0.0004044815
ham,"Evry Emotion dsn't hav Words.Evry Wish dsn't hav Prayrs.. If u Smile,D World is wit u.Othrwise even d Drop of Tear dsn't lik 2 Stay wit u.So b happy.. Good morning, keep smiling:-)",0,0,0.00045297577
ham,Yes. Please leave at  &lt;#&gt; . So that at  &lt;#&gt;  we can leave,0,0,0.0004339325
ham,"Awesome, that gonna be soon or later tonight?",0,0,0.00045652693
spam,"Congratulations! Thanks to a good friend U have WON the £2,000 Xmas prize. 2 claim is easy, just call 08718726978 NOW! Only 10p per minute. BT-national-rate",1,1,0.9989857
ham,Havent mus ask if u can 1st wat. Of meet 4 lunch den u n him meet can already lor. Or u wan 2 go ask da ge 1st then confirm w me asap?,0,0,0.00042058743
ham,I am taking half day leave bec i am not well,0,0,0.00041568946
ham,Its ok my arm is feeling weak cuz i got a shot so we can go another time,0,0,0.00039434477
